{
  "version": 1,
  "author": "Muhammad Arif",
  "editor": "wokwi",
  "parts": [
    { "type": "board-esp32-devkit-c-v4", "id": "esp", "top": 67.2, "left": 168.04, "attrs": {} },
    { "type": "wokwi-pir-motion-sensor", "id": "pir1", "top": -82.4, "left": 127.02, "attrs": {} }
  ],
  "connections": [
    [ "esp:TX", "$serialMonitor:RX", "", [] ],
    [ "esp:RX", "$serialMonitor:TX", "", [] ],
    [ "esp:3V3", "pir1:VCC", "green", [ "h0" ] ],
    [ "pir1:GND", "esp:GND.2", "black", [ "h86.14", "v86.4" ] ],
    [ "pir1:OUT", "esp:2", "green", [ "v0", "h105.46", "v220.8" ] ]
  ],
  "dependencies": {}
}